word,score
bright,0.819713
night,0.815548
flight,0.814247
site,0.781297
kite,0.740636
